ra_game_id,title,category,achievements,ra_hashes,status,local_roms,local_releases,dat_entries,dat_games,nointro_db_files,nointro_db_titles,local_sources,other_platform_db
4965,SD Gundam: Operation U.C.,Official,139,1,local,1,SD Gundam - Operation U.C. (Japan),1,SD Gundam - Operation U.C. (Japan),0,,"nointro,retroachievements",
5357,Rhyme Rider Kerorikan,Official,17,1,local,1,Rhyme Rider Kerorican (Japan),1,Rhyme Rider Kerorican (Japan),0,,"nointro,retroachievements",
14594,Judgement Silversword: Rebirth Edition,Official,38,1,local,1,Judgement Silversword - Rebirth Edition (Japan) (Rev 5C21),1,Judgement Silversword - Rebirth Edition (Japan) (Rev 5C21),0,,"nointro,retroachievements",
14595,Wizardry Scenario #1: Proving Grounds of the Mad Overlord,Official,52,3,local,3,Wizardry Scenario 1 - Proving Grounds of the Mad Overlord (Japan),1,Wizardry Scenario 1 - Proving Grounds of the Mad Overlord (Japan),0,,"nointro,retroachievements",
14596,Rockman.EXE WS,Official,73,2,local,2,Rockman EXE WS (Japan),1,Rockman EXE WS (Japan),0,,"nointro,retroachievements",
14597,Mr. Driller,Official,25,1,local,1,Mr. Driller (Japan),1,Mr. Driller (Japan),0,,"nointro,retroachievements",
14599,Dicing Knight.,Official,21,2,local,2,Dicing Knight. (Japan),1,Dicing Knight. (Japan),0,,"nointro,retroachievements",
14602,Makai Toushi SaGa,Official,91,2,local,2,Makai Toushi Sa-Ga (Japan),1,Makai Toushi Sa-Ga (Japan),0,,"nointro,retroachievements",
14657,Riviera: Yakusoku no Chi Riviera,Official,46,1,local,1,Riviera - Yakusoku no Chi Riviera (Japan),1,Riviera - Yakusoku no Chi Riviera (Japan),0,,"nointro,retroachievements",
14769,One Piece: Grand Battle Swan Colosseum,Official,32,1,local,1,From TV Animation One Piece - Grand Battle Swan Colosseum (Japan),1,From TV Animation One Piece - Grand Battle Swan Colosseum (Japan),0,,"nointro,retroachievements",
14960,Final Lap Special: GT & Formula Machine,Official,48,1,local,1,Final Lap Special - GT & Formula Machine (Japan),1,Final Lap Special - GT & Formula Machine (Japan),0,,"nointro,retroachievements",
15580,Final Fantasy,Official,42,2,local,2,Final Fantasy (Japan),1,Final Fantasy (Japan),0,,"nointro,retroachievements",
15581,Final Fantasy II,Official,49,2,local,2,Final Fantasy II (Japan),1,Final Fantasy II (Japan),0,,"nointro,retroachievements",
15582,Final Fantasy IV,Official,89,2,local,2,Final Fantasy IV (Japan),1,Final Fantasy IV (Japan),0,,"nointro,retroachievements",
16138,Battle Spirit: Digimon Frontier,Official,29,1,local,1,Battle Spirit - Digimon Frontier (Japan) (Rev 1),1,Battle Spirit - Digimon Frontier (Japan) (Rev 1),0,,"nointro,retroachievements",
16139,Digimon Adventure: Anode Tamer & Cathode Tamer,Official,13,1,local,1,Digimon - Anode Tamer & Cathode Tamer - Veedramon Version (Hong Kong) (En),1,Digimon - Anode Tamer & Cathode Tamer - Veedramon Version (Hong Kong) (En),0,,"nointro,retroachievements",
16144,Digimon Tamers: Battle Spirit,Official,41,1,local,1,"Digimon Tamers - Battle Spirit (Japan, Korea) (En,Ja)",1,"Digimon Tamers - Battle Spirit (Japan, Korea) (En,Ja)",0,,"nointro,retroachievements",
16145,Digimon Tamers: Battle Spirit Ver. 1.5,Official,52,2,local,2,Digimon Tamers - Battle Spirit Ver. 1.5 (Japan),1,Digimon Tamers - Battle Spirit Ver. 1.5 (Japan),0,,"nointro,retroachievements",
16703,XI Little,Official,131,1,local,1,XI Little (Japan),1,XI Little (Japan),0,,"nointro,retroachievements",
16704,Tetris,Official,28,1,local,1,Tetris (Japan),1,Tetris (Japan),0,,"nointro,retroachievements",
17245,Golden Axe,Official,40,1,local,1,Golden Axe (Japan),1,Golden Axe (Japan),0,,"nointro,retroachievements",
17766,Hataraku Chocobo,Official,40,2,local,2,Hataraku Chocobo (Japan),1,Hataraku Chocobo (Japan),0,,"nointro,retroachievements",
17829,Guilty Gear Petit 2,Official,76,1,local,1,Guilty Gear Petit 2 (Japan),1,Guilty Gear Petit 2 (Japan),0,,"nointro,retroachievements",
17959,Guilty Gear Petit,Official,48,1,local,1,Guilty Gear Petit (Japan),1,Guilty Gear Petit (Japan),0,,"nointro,retroachievements",
18432,Rockman.EXE: N1 Battle,Official,15,1,local,1,Rockman EXE - N1 Battle (Japan) (Rev 1),1,Rockman EXE - N1 Battle (Japan) (Rev 1),0,,"nointro,retroachievements",
18495,Makai Toushi SaGa [Subset - Solo Class],Official,36,2,local,2,,0,,0,,retroachievements,
19897,~Homebrew~ Wondersnake,Homebrew,22,1,local,1,,0,,0,,retroachievements,
22100,Cardinal Sins,Official,25,1,local,1,Cardinal Sins - Recycle Edition (World) (Ja) (v1.02) (WonderWitch) (Aftermarket) (Unl),1,Cardinal Sins - Recycle Edition (World) (Ja) (v1.02) (WonderWitch) (Aftermarket) (Unl),0,,"nointro,retroachievements",
26313,Kurupara!,Official,27,1,local,1,Kurupara! (Japan) (Rev 1),1,Kurupara! (Japan) (Rev 1),0,,nointro,
26314,RUN=DIM: Return to Earth,Official,19,1,local,1,RUN=DIM - Return to Earth (Japan),1,RUN=DIM - Return to Earth (Japan),0,,"nointro,retroachievements",
26483,~Homebrew~ Atop the Witch's Tower WS,Homebrew,17,1,local,1,Atop the Witch's Tower (World) (v1.1) (Aftermarket) (Unl),1,Atop the Witch's Tower (World) (v1.1) (Aftermarket) (Unl),0,,"nointro,retroachievements",
32532,~Homebrew~ Cracky Mini,Homebrew,16,1,local,1,,0,,0,,retroachievements,
32952,~Homebrew~ Mazy Mini,Homebrew,17,1,local,1,,0,,0,,retroachievements,
